"FIRST_NAME","SALARY","DEPARTMENT_ID","DEPARTMENT_NAME","JOB_TITLE"
"Jennifer",4400,10,"Administration","Administration Assistant"
"Michael",13000,20,"Marketing","Marketing Manager"
"Pat",6000,20,"Marketing","Marketing Representative"
"Den",11000,30,"Purchasing","Purchasing Manager"
"Alexander",3100,30,"Purchasing","Purchasing Clerk"
"Shelli",2900,30,"Purchasing","Purchasing Clerk"
"Sigal",2800,30,"Purchasing","Purchasing Clerk"
"Guy",2600,30,"Purchasing","Purchasing Clerk"
"Karen",2500,30,"Purchasing","Purchasing Clerk"
"Susan",6500,40,"Human Resources","Human Resources Representative"
"Matthew",8000,50,"Shipping","Stock Manager"
"Adam",8200,50,"Shipping","Stock Manager"
"Payam",7900,50,"Shipping","Stock Manager"
"Shanta",6500,50,"Shipping","Stock Manager"
"Kevin",5800,50,"Shipping","Stock Manager"
"Julia",3200,50,"Shipping","Stock Clerk"
"Irene",2700,50,"Shipping","Stock Clerk"
"James",2400,50,"Shipping","Stock Clerk"
"Steven",2200,50,"Shipping","Stock Clerk"
"Laura",3300,50,"Shipping","Stock Clerk"
"Mozhe",2800,50,"Shipping","Stock Clerk"
"James",2500,50,"Shipping","Stock Clerk"
"TJ",2100,50,"Shipping","Stock Clerk"
"Jason",3300,50,"Shipping","Stock Clerk"
"Michael",2900,50,"Shipping","Stock Clerk"
"Ki",2400,50,"Shipping","Stock Clerk"
"Hazel",2200,50,"Shipping","Stock Clerk"
"Renske",3600,50,"Shipping","Stock Clerk"
"Stephen",3200,50,"Shipping","Stock Clerk"
"John",2700,50,"Shipping","Stock Clerk"
"Joshua",2500,50,"Shipping","Stock Clerk"
"Trenna",3500,50,"Shipping","Stock Clerk"
"Curtis",3100,50,"Shipping","Stock Clerk"
"Randall",2600,50,"Shipping","Stock Clerk"
"Peter",2500,50,"Shipping","Stock Clerk"
"Winston",3200,50,"Shipping","Shipping Clerk"
"Jean",3100,50,"Shipping","Shipping Clerk"
"Martha",2500,50,"Shipping","Shipping Clerk"
"Girard",2800,50,"Shipping","Shipping Clerk"
"Nandita",4200,50,"Shipping","Shipping Clerk"
"Alexis",4100,50,"Shipping","Shipping Clerk"
"Julia",3400,50,"Shipping","Shipping Clerk"
"Anthony",3000,50,"Shipping","Shipping Clerk"
"Kelly",3800,50,"Shipping","Shipping Clerk"
"Jennifer",3600,50,"Shipping","Shipping Clerk"
"Timothy",2900,50,"Shipping","Shipping Clerk"
"Randall",2500,50,"Shipping","Shipping Clerk"
"Sarah",4000,50,"Shipping","Shipping Clerk"
"Britney",3900,50,"Shipping","Shipping Clerk"
"Samuel",3200,50,"Shipping","Shipping Clerk"
"Vance",2800,50,"Shipping","Shipping Clerk"
"Alana",3100,50,"Shipping","Shipping Clerk"
"Kevin",3000,50,"Shipping","Shipping Clerk"
"Donald",2600,50,"Shipping","Shipping Clerk"
"Douglas",2600,50,"Shipping","Shipping Clerk"
"Alexander",9000,60,"IT","Programmer"
"Bruce",6000,60,"IT","Programmer"
"David",4800,60,"IT","Programmer"
"Valli",4800,60,"IT","Programmer"
"Diana",4200,60,"IT","Programmer"
"Hermann",10000,70,"Public Relations","Public Relations Representative"
"John",14000,80,"Sales","Sales Manager"
"Karen",13500,80,"Sales","Sales Manager"
"Alberto",12000,80,"Sales","Sales Manager"
"Gerald",11000,80,"Sales","Sales Manager"
"Eleni",10500,80,"Sales","Sales Manager"
"Sean",10000,80,"Sales","Sales Representative"
"David",9500,80,"Sales","Sales Representative"
"Peter",9000,80,"Sales","Sales Representative"
"Christopher",8000,80,"Sales","Sales Representative"
"Nanette",7500,80,"Sales","Sales Representative"
"Oliver",7000,80,"Sales","Sales Representative"
"Janette",10000,80,"Sales","Sales Representative"
"Patrick",9500,80,"Sales","Sales Representative"
"Allan",9000,80,"Sales","Sales Representative"
"Lindsey",8000,80,"Sales","Sales Representative"
"Louise",7500,80,"Sales","Sales Representative"
"Sarath",7000,80,"Sales","Sales Representative"
"Clara",10500,80,"Sales","Sales Representative"
"Danielle",9500,80,"Sales","Sales Representative"
"Mattea",7200,80,"Sales","Sales Representative"
"David",6800,80,"Sales","Sales Representative"
"Sundar",6400,80,"Sales","Sales Representative"
"Amit",6200,80,"Sales","Sales Representative"
"Lisa",11500,80,"Sales","Sales Representative"
"Harrison",10000,80,"Sales","Sales Representative"
"Tayler",9600,80,"Sales","Sales Representative"
"William",7400,80,"Sales","Sales Representative"
"Elizabeth",7300,80,"Sales","Sales Representative"
"Sundita",6100,80,"Sales","Sales Representative"
"Ellen",11000,80,"Sales","Sales Representative"
"Alyssa",8800,80,"Sales","Sales Representative"
"Jonathon",8600,80,"Sales","Sales Representative"
"Jack",8400,80,"Sales","Sales Representative"
"Charles",6200,80,"Sales","Sales Representative"
"Steven",24000,90,"Executive","President"
"Neena",17000,90,"Executive","Administration Vice President"
"Lex",17000,90,"Executive","Administration Vice President"
"Nancy",12008,100,"Finance","Finance Manager"
"Daniel",9000,100,"Finance","Accountant"
"John",8200,100,"Finance","Accountant"
"Ismael",7700,100,"Finance","Accountant"
"Jose Manuel",7800,100,"Finance","Accountant"
"Luis",6900,100,"Finance","Accountant"
"Shelley",12008,110,"Accounting","Accounting Manager"
"William",8300,110,"Accounting","Public Accountant"
"Kimberely",7000,,,"Sales Representative"
